,Unnamed: 0,event_id,start_timestamp,match_id,league_id,home,away,home_goals,away_goals
10,10,1100,1635539258,191,3,Goal Seekers,Soccer Nation,2,3
18,18,4296,1635626275,738,6,Bears,Bandits,0,2
20,20,1033,1635191972,181,3,Green Wave,Cheetahs,2,3
25,25,1878,1635527737,325,5,Leaders,Red United,1,0
29,29,3339,1635647918,577,6,Red Dragons,Star FC,3,1
43,43,5091,1635398970,875,7,Hooligans FC,Example FC,2,1
45,45,2061,1635196763,357,5,Red United,Crocodiles,4,0
46,46,1703,1635133008,293,4,Chaos FC,Fusion FC,3,4
52,52,1913,1635190165,333,5,Musketeers,Bisons,4,3
56,56,2240,1635553947,392,5,Arsenal Allies,Dot FC,3,1
58,58,663,1635415284,118,2,Warriors,Olympians,0,2
67,67,3094,1635673825,537,6,Velociraptors,Outkast,1,0
83,85,4393,1635165909,757,6,Bulldogs,Insane Broncos,3,2
84,86,4723,1635454547,814,7,Red Hawks,Mad Dogs,0,0
90,93,4659,1635318553,803,7,Rams,Red Hawks,3,4
95,98,158,1635316021,30,1,Bad Losers,Mental Bearcats,2,2
110,114,1208,1635661107,209,3,Pirates,Green Wave,4,3
111,115,3377,1635660871,583,6,Joy FC,Team Avengers,4,3
130,136,3446,1635293312,597,6,Celtic Ladies,Terminators,2,3
136,142,1167,1635346245,202,3,Soccer Nation,Cheetahs,0,2
146,153,4176,1635499883,720,6,Red Dragons,Celtic Ladies,2,0
149,156,3408,1635386670,588,6,Bandits,Joy FC,4,2
158,165,5140,1635626942,883,7,Wildcats,The Dragons,3,2
159,166,2382,1635679929,415,5,Red United,Outkast FC,0,4
164,171,2923,1635513332,507,6,Team Avengers,Lazers,3,3
165,172,4976,1635632325,854,7,Corner FC,Wildcats,1,4
167,175,5405,1635600975,923,8,Sprinters,Golden Knights,3,2
168,176,807,1635141671,143,3,All Knights,Cheetahs,2,3
169,177,1092,1635468527,190,3,Fun FC,Pirates,2,4
171,179,3423,1635482063,591,6,Team Avengers,Bears,0,1
172,180,1048,1635455950,183,3,Vikings,Goal Seekers,4,0
175,183,5103,1635320109,877,7,Adrenaline FC,Corner FC,0,1
180,188,2504,1635107068,434,5,Crocodiles,Arsenal Allies,2,0
183,191,1647,1635231137,283,4,Royals,Fusion FC,0,0
215,225,4526,1635422168,779,6,Star FC,Team Aqua,1,2
217,227,3869,1635629216,668,6,Bears,The International,4,0
221,231,318,1635507632,57,1,Royal Ducks,Dream Team,1,0
228,238,1712,1635166989,294,4,Royals,Flying Squirrels,1,0
234,245,3433,1635115934,594,6,Outkast,Legacy FC,1,2
241,252,109,1635407733,20,1,Royal Ducks,Bad Losers,3,3
244,256,2915,1635182614,506,6,Terminators,The International,3,3
246,258,1054,1635158994,184,3,Neptune Pirates,Ladybugs United,4,3
248,260,1024,1635484513,180,3,Scorpions FC,Neptune Pirates,4,3
258,270,1171,1635400628,203,3,All Knights,Vikings,4,0
262,274,1324,1635253574,227,4,Bobcats,White Wolfs,3,1
267,280,2039,1635576361,354,5,Spartans,Arsenal Allies,3,4
274,288,4162,1635207056,718,6,Bandits,Bears,3,2
284,300,103,1635638113,19,1,Energetic Cardinals,FC Santa Claus,3,1
287,303,5184,1635311159,889,7,En Fuego CF,Hooligans FC,3,1
303,319,3430,1635393861,593,6,Team Aqua,Bandits,0,1
313,329,1159,1635448585,201,3,Lightning FC,Green Wave,3,3
316,332,617,1635491492,111,2,Tornadoes,Thunder,3,3
322,338,1606,1635537244,276,4,Fusion FC,Fire Blazers,2,1
323,339,1788,1635447839,309,4,Belgrade FC,Bobcats,4,3
328,346,686,1635178984,122,2,Thunder,Tornadoes,0,4
329,347,566,1635296013,102,2,Warriors,Mighty Pros,0,4
331,349,2311,1635601174,403,5,Crocodiles,Spartans,3,0
336,354,3823,1635607856,661,6,Wise Owls,Bandits,3,0
340,358,5515,1635244854,939,8,Wolves,Win FC,3,3
344,362,2883,1635222882,500,6,Bulldogs,Star FC,4,0
349,368,4115,1635111107,711,6,Team Aqua,The International,2,3
358,378,2582,1635531679,445,5,Dot FC,Red United,1,1
359,379,2453,1635259362,426,5,Red United,Dot FC,0,4
379,401,1064,1635659177,185,3,All Knights,Green Wave,2,2
382,404,3708,1635337430,641,6,Outkast,Bulldogs,1,4
383,405,759,1635190059,134,3,Vikings,Ladybugs United,3,3
391,413,78,1635317936,15,1,Energetic Cardinals,Rolling Thunder,2,0
394,416,82,1635226124,16,1,Cloud FC,Wolf Pack,4,0
397,419,2980,1635208979,517,6,Celtic Ladies,Team Avengers,4,0
409,432,1242,1635117098,214,3,Fun FC,Scorpions FC,3,1
412,435,3967,1635597833,685,6,Team Aqua,Outkast,2,1
417,440,1322,1635615375,226,4,Fire Blazers,White Wolfs,0,0
422,445,4669,1635438298,804,7,En Fuego CF,Mad Dogs,2,0
424,447,4557,1635294268,785,7,Red Hawks,Wildcats,2,2
426,449,2544,1635137968,440,5,Coders,Dot FC,2,4
427,450,19,1635281084,5,1,Wolf Pack,Warriors FC,2,2
428,451,1021,1635557306,179,3,Cheetahs,Soccer Nation,0,1
442,466,3517,1635554544,609,6,Huskies,Legacy FC,4,3
444,468,3897,1635201507,672,6,Joy FC,Legacy FC,3,2
459,484,3835,1635656587,663,6,Celtic Ladies,Joy FC,3,3
461,487,3328,1635266304,575,6,Legacy FC,Lazers,2,0
491,517,2608,1635136491,450,6,Velociraptors,Legacy FC,1,2
493,519,1237,1635514570,213,3,Pirates,All Knights,0,3
494,520,814,1635419385,144,3,Ladybugs United,Vikings,1,4
501,527,3861,1635390331,667,6,Legacy FC,Team Avengers,3,3
505,531,2388,1635584320,416,5,Red United,Blue United,4,3
506,532,3472,1635200118,602,6,The International,Arsenal Gunners,1,3
508,534,3345,1635280979,578,6,Lazers,The International,1,2
517,544,2974,1635673802,516,6,Huskies,Bears,1,3
519,546,2910,1635609318,505,6,Arsenal Gunners,Lazers,1,2
523,550,1565,1635554777,268,4,Flying Squirrels,Fire Blazers,0,0
534,561,4184,1635106470,722,6,Legacy FC,Celtic Ladies,1,1
535,562,5119,1635550697,880,7,Adrenaline FC,En Fuego CF,3,2
547,576,2889,1635351034,501,6,Legacy FC,Wise Owls,0,1
548,577,3039,1635205672,526,6,Bears,Celtic Ladies,2,2
554,583,2225,1635573155,390,5,Bulls,World Squad,1,4
557,586,532,1635553691,95,2,Olympians,Mighty Pros,0,0
558,588,4586,1635469799,790,7,Wildcats,Mad Dogs,2,0
560,590,2438,1635625129,424,5,World Squad,Arsenal Allies,3,1
567,597,1,1635677864,1,1,Royal Ducks,Furious Jokers,0,2
569,599,3657,1635488578,631,6,Bears,Team Aqua,0,0
572,603,4919,1635088944,846,7,Wildcats,Red Hawks,1,3
573,604,703,1635621738,125,3,Challengers,Pirates,4,1
575,606,4208,1635258176,726,6,Joy FC,Terminators,4,1
579,610,1379,1635603531,235,4,Fire Blazers,Belgrade FC,2,2
594,628,1824,1635282265,316,5,Big Blues,World Squad,3,2
604,639,3123,1635231363,542,6,Velociraptors,Red Dragons,1,3
609,646,1394,1635262618,237,4,Silent Huskies,Royals,1,2
625,662,932,1635411573,164,3,Scorpions FC,Ladybugs United,1,4
632,669,1492,1635200410,255,4,Bobcats,Panthers,1,3
633,670,352,1635351786,65,1,Dream Team,Mental Bearcats,4,2
634,671,2465,1635592086,428,5,Atletico FC,Arsenal Allies,4,3
638,675,4620,1635176966,796,7,Example FC,Wildcats,4,4
641,678,5071,1635576745,871,7,Rams,The Dragons,4,3
642,679,1539,1635210612,264,4,White Wolfs,Silent Huskies,0,2
646,684,1519,1635364574,260,4,Bobcats,Defenders,0,3
647,685,4906,1635106618,844,7,Example FC,Adrenaline FC,1,3
659,697,1998,1635442711,347,5,Rush Hour,Spartans,2,3
661,699,3619,1635391835,625,6,Celtic Ladies,Bandits,4,2
666,705,4442,1635352002,764,6,Joy FC,Insane Broncos,4,2
670,710,5421,1635218780,925,8,Win FC,The Braves,4,2
672,712,3600,1635684382,622,6,The International,Team Aqua,2,3
706,747,2102,1635109377,364,5,Bisons,Blue United,1,2
710,751,2337,1635263050,408,5,Leaders,Spartans,1,3
718,759,4273,1635546963,735,6,Huskies,Insane Broncos,3,3
727,770,419,1635315297,76,1,Cloud FC,FC Santa Claus,4,4
729,772,1464,1635600058,251,4,Flying Squirrels,Bobcats,3,1
731,774,3666,1635260803,634,6,Velociraptors,Joy FC,3,2
734,777,1567,1635539800,269,4,Silent Huskies,Bobcats,4,0
735,778,4382,1635373720,755,6,Red Dragons,Bears,1,1
736,779,3559,1635605774,615,6,Insane Broncos,Huskies,1,0
737,780,678,1635622497,121,2,The Regulars,Olympians,3,3
738,781,1990,1635613051,346,5,Bulls,Crocodiles,2,4
743,787,672,1635624957,120,2,Warriors,Infinity FC,3,1
747,791,2868,1635629435,496,6,Celtic Ladies,Wise Owls,2,1
750,795,2857,1635429410,493,6,Joy FC,Velociraptors,0,3
754,799,74,1635629267,14,1,Bad Losers,Dream Team,0,2
756,801,1217,1635463991,210,3,Awesome FC,Soccer Nation,2,4
761,806,3005,1635153467,521,6,Huskies,Team Aqua,2,3
762,807,2444,1635303197,425,5,Crocodiles,World Squad,3,4
769,814,5442,1635238334,928,8,Win FC,Little Spartans,4,4
771,816,392,1635201820,71,1,Bad Losers,Energetic Cardinals,1,2
772,818,5534,1635650208,942,8,Talent FC,Captain FC,4,3
773,819,1498,1635130738,256,4,Fusion FC,Royals,1,4
776,822,2704,1635298577,466,6,Velociraptors,Bulldogs,0,3
787,834,5493,1635153388,935,8,Sprinters,Wolves,2,0
791,838,1005,1635666441,177,3,Ladybugs United,Challengers,4,2
793,840,2950,1635116933,511,6,Wise Owls,Bears,3,0
795,843,1881,1635515546,326,5,Musketeers,World Squad,0,1
801,849,3849,1635684168,665,6,Bandits,Insane Broncos,2,3
809,857,1870,1635133346,324,5,Atletico FC,Musketeers,3,3
812,860,2126,1635134100,368,5,Spartans,Bulls,1,1
822,871,3072,1635172408,533,6,Velociraptors,Team Aqua,2,2
825,874,4732,1635284826,816,7,The Dragons,Mad Dogs,0,4
829,878,1845,1635626997,320,5,Big Blues,Outkast FC,2,1
838,888,4614,1635279125,795,7,En Fuego CF,Corner FC,1,3
844,894,3706,1635682603,640,6,Team Avengers,Star FC,0,0
853,904,3478,1635093239,603,6,Terminators,Team Aqua,3,1
857,908,3443,1635236288,596,6,Star FC,Wise Owls,1,0
864,915,5032,1635316642,863,7,Red Hawks,Dynamite,1,0
869,920,3426,1635201804,592,6,Terminators,Lazers,2,0
882,933,5152,1635329685,885,7,Dynamite,En Fuego CF,4,2
890,941,5357,1635468159,915,8,Captain FC,Sprinters,2,1
891,942,2107,1635271259,365,5,Bisons,Bulls,3,2
892,943,1664,1635608851,287,4,Panthers,Royals,3,1
896,947,5040,1635329100,865,7,Rams,Amigos,0,0
904,956,2561,1635679751,442,5,Rush Hour,Outkast FC,2,2
915,967,3209,1635649507,554,6,Bandits,The International,0,0
916,968,1297,1635680174,222,4,Royals,Panthers,1,1
924,976,2096,1635173209,363,5,Musketeers,Bulls,2,2
927,980,66,1635457431,13,1,Royal Ducks,Rolling Thunder,2,4
929,982,4653,1635316939,802,7,Mad Dogs,Red Hawks,1,3
934,987,3045,1635122374,527,6,Bandits,Huskies,4,0
947,1000,2955,1635670317,512,6,Joy FC,The International,2,1
948,1002,560,1635451728,101,2,The Regulars,Tornadoes,0,4
949,1003,4027,1635168666,694,6,Celtic Ladies,Lazers,2,4
967,1022,3638,1635216139,628,6,Bears,Bulldogs,4,0
974,1029,3960,1635268532,683,6,The International,Celtic Ladies,2,1
976,1031,5084,1635306210,873,7,Hooligans FC,The Dragons,0,2
978,1034,1315,1635531156,225,4,Chaos FC,Fire Blazers,1,4
995,1053,2204,1635660762,386,5,Crocodiles,Coders,0,2
1023,1083,3129,1635138240,543,6,Velociraptors,Bears,4,3
1024,1084,4996,1635381488,857,7,The Dragons,Example FC,3,4
1027,1087,117,1635353048,21,1,Royal Ducks,FC Santa Claus,0,1
1028,1088,1773,1635335904,306,4,Flying Squirrels,Defenders,1,2
1030,1090,2813,1635401540,486,6,Velociraptors,Bandits,4,1
1032,1092,3489,1635658343,605,6,Bears,Velociraptors,2,2
1056,1118,3677,1635174750,636,6,The International,Team Avengers,3,4
1058,1122,5106,1635136647,878,7,Hooligans FC,Amigos,1,4
1066,1132,2637,1635334230,455,6,Velociraptors,The International,1,1
1067,1133,2641,1635460399,456,6,Legacy FC,Bears,2,2
1073,1139,488,1635455914,87,1,Mental Bearcats,Warriors FC,0,2
1079,1145,2214,1635468116,388,5,Atletico FC,World Squad,1,2
1093,1159,5352,1635249078,914,8,Win FC,Sprinters,2,1
1095,1161,4779,1635216993,824,7,Wildcats,En Fuego CF,1,4
1098,1164,2354,1635519536,411,5,Leaders,Big Blues,2,0
1099,1165,2132,1635290800,370,5,Atletico FC,Big Blues,0,1
1100,1166,2491,1635488055,432,5,Rush Hour,Big Blues,2,1
1106,1172,338,1635199652,62,1,Energetic Cardinals,Warriors FC,0,2
1119,1185,2366,1635496520,413,5,Arsenal Allies,Spartans,3,4
1123,1189,3979,1635269254,687,6,Legacy FC,Red Dragons,4,1
1128,1194,1385,1635178150,236,4,Silent Huskies,Belgrade FC,3,4
1131,1198,3261,1635409214,564,6,Insane Broncos,The International,4,0
1133,1200,3579,1635284603,619,6,Lazers,Outkast,0,0
1147,1214,3156,1635249057,547,6,Huskies,Wise Owls,3,3
1154,1223,846,1635128118,149,3,Lightning FC,Vikings,4,4
1164,1233,1330,1635428707,228,4,Panthers,Bobcats,3,4
1169,1238,3700,1635643655,639,6,Bulldogs,Joy FC,3,1
1177,1247,8,1635091226,3,1,Mental Bearcats,Royal Ducks,4,0
1181,1252,4400,1635682027,758,6,Wise Owls,Outkast,3,2
1183,1254,2665,1635608112,460,6,Red Dragons,Bandits,4,4
1186,1257,782,1635511249,138,3,All Knights,Awesome FC,0,4
1189,1260,1766,1635474323,304,4,Defenders,Panthers,1,2
1193,1264,1291,1635675440,221,4,Belgrade FC,Defenders,0,3
1196,1267,1855,1635091271,322,5,Leaders,Dot FC,3,3
1201,1273,888,1635188375,155,3,Lightning FC,Challengers,1,0
1205,1277,4479,1635375197,771,6,Bulldogs,Legacy FC,3,3
1221,1293,4169,1635452846,719,6,Bulldogs,Velociraptors,1,4
1239,1311,1814,1635231745,314,5,Atletico FC,Spartans,0,4
1243,1315,513,1635176286,92,2,Tornadoes,The Regulars,3,0
1244,1316,4892,1635333820,842,7,Adrenaline FC,Amigos,0,4
1252,1324,3164,1635627247,548,6,Insane Broncos,Red Dragons,4,3
1253,1325,2358,1635380241,412,5,Red United,Big Blues,3,3
1255,1327,50,1635495618,10,1,Dream Team,Cloud FC,3,2
1268,1340,980,1635574880,173,3,Ladybugs United,Awesome FC,1,3
1273,1345,4014,1635180295,692,6,Velociraptors,Insane Broncos,2,1
1285,1359,5238,1635383588,897,8,Captain FC,Little Spartans,3,1
1290,1364,2185,1635554631,381,5,Big Blues,Rush Hour,0,1
1306,1381,3571,1635267132,618,6,Huskies,Lazers,4,2
1309,1384,4531,1635638365,780,7,Amigos,Corner FC,2,2
1311,1386,4492,1635180448,773,6,The International,Outkast,4,3
1315,1391,375,1635240440,68,1,Cloud FC,Bad Losers,1,4
1317,1393,3986,1635115871,688,6,Red Dragons,Huskies,1,0
1320,1396,1082,1635286072,188,3,Challengers,Ladybugs United,3,4
1325,1401,2862,1635389042,494,6,Outkast,Velociraptors,0,0
1334,1410,191,1635564089,36,1,Mental Bearcats,Rolling Thunder,1,0
1339,1415,2481,1635242509,430,5,Coders,Bulls,1,3
1341,1417,579,1635521188,104,2,Tornadoes,Warriors,4,3
1347,1425,293,1635665855,53,1,Wolf Pack,Bad Losers,3,1
1352,1430,2682,1635422827,462,6,Legacy FC,Huskies,3,3
1357,1435,187,1635293155,35,1,Cloud FC,Mental Bearcats,1,1
1359,1437,4122,1635252297,712,6,Team Avengers,Velociraptors,4,4
1374,1452,139,1635531804,26,1,Warriors FC,FC Santa Claus,1,0
1384,1463,2537,1635307492,439,5,Dot FC,Crocodiles,3,2
1385,1464,1452,1635515411,248,4,Fire Blazers,Panthers,0,0
1394,1473,1225,1635495051,211,3,Fun FC,All Knights,3,0
1395,1475,3551,1635184252,614,6,Terminators,Celtic Ladies,4,2
1396,1476,1413,1635221284,240,4,Chaos FC,Flying Squirrels,1,1
1398,1478,4630,1635470002,797,7,Amigos,En Fuego CF,2,2
1401,1481,2820,1635601047,487,6,Arsenal Gunners,Velociraptors,3,2
1406,1486,1276,1635655067,219,3,Soccer Nation,Scorpions FC,4,3
1410,1491,5231,1635641368,896,7,The Dragons,Red Hawks,2,3
1415,1496,1973,1635267357,342,5,Bulls,Spartans,0,2
1418,1499,4320,1635341211,743,6,Team Avengers,Outkast,4,0
1429,1510,2787,1635481531,482,6,Star FC,Bears,1,3
1437,1519,1940,1635584649,337,5,Spartans,Dot FC,1,2
1443,1530,2892,1635411042,502,6,Wise Owls,Lazers,0,3
1446,1533,5321,1635556999,910,8,Golden Knights,Captain FC,3,2
1451,1538,3272,1635256288,566,6,Legacy FC,Star FC,2,4
1459,1547,800,1635350989,142,3,Awesome FC,Green Wave,2,3
1467,1556,5543,1635419970,943,8,Little Spartans,Golden Knights,2,4
1471,1561,4501,1635305435,774,6,Wise Owls,Red Dragons,2,0
1473,1563,180,1635342882,33,1,Dream Team,Warriors FC,0,2
1481,1573,3249,1635539101,562,6,Insane Broncos,Legacy FC,2,3
1484,1577,2845,1635465077,491,6,Lazers,Team Aqua,3,2
1493,1586,3057,1635375555,529,6,The International,Terminators,0,0
1496,1589,4510,1635521368,776,6,Terminators,Bears,2,0
1514,1609,1726,1635507689,297,4,Defenders,Bobcats,1,0
1516,1611,1903,1635520359,331,5,Outkast FC,Bisons,0,3
1519,1614,2626,1635201693,453,6,Terminators,Bulldogs,2,0
1530,1625,2864,1635260717,495,6,Team Aqua,Red Dragons,0,2
1535,1630,1654,1635235234,285,4,Fire Blazers,Defenders,1,2
1540,1637,821,1635177863,145,3,Pirates,Goal Seekers,1,2
1545,1642,5412,1635592138,924,8,Losers,Wolves,4,3
1558,1658,1783,1635560590,308,4,White Wolfs,Chaos FC,2,1
1563,1664,946,1635409157,166,3,Green Wave,Goal Seekers,1,0
1565,1666,1345,1635352455,230,4,Fire Blazers,Fusion FC,2,0
1571,1673,1433,1635590833,244,4,Chaos FC,Bobcats,1,1
1576,1678,1440,1635286659,246,4,Silent Huskies,Defenders,2,2
1581,1684,4045,1635595223,698,6,Outkast,Joy FC,1,3
1597,1703,3016,1635374056,523,6,Bulldogs,Wise Owls,4,0
1605,1713,4140,1635379902,714,6,Bulldogs,Team Avengers,3,2
1607,1715,939,1635584622,165,3,Vikings,Soccer Nation,3,2
1618,1726,1405,1635212509,239,4,Royals,Chaos FC,3,3
1619,1727,1806,1635608038,312,4,Defenders,Royals,2,0
1626,1734,2769,1635174492,479,6,Bears,Outkast,1,3
1630,1738,4849,1635512691,835,7,En Fuego CF,Dynamite,3,0
1655,1767,2072,1635358852,359,5,Leaders,Outkast FC,2,3
1662,1774,5244,1635085421,898,8,Losers,Captain FC,4,2
1668,1781,4088,1635265060,706,6,Lazers,Arsenal Gunners,0,3
1672,1785,4639,1635612433,799,7,Snipers,Mad Dogs,1,1
1673,1786,1537,1635475769,263,4,Royals,Bobcats,0,0
1675,1789,4679,1635584618,806,7,Red Hawks,Example FC,1,2
1677,1791,3973,1635621389,686,6,Huskies,Bandits,4,0
1682,1799,329,1635409128,60,1,FC Santa Claus,Warriors FC,1,2
1689,1806,2114,1635404701,366,5,Coders,Crocodiles,2,1
1710,1831,1986,1635458920,345,5,Bisons,Crocodiles,2,0
1720,1843,3537,1635476603,612,6,Celtic Ladies,Legacy FC,4,4
1723,1846,3801,1635142701,657,6,Team Avengers,Terminators,3,3
1727,1850,4231,1635475596,729,6,Joy FC,Star FC,4,1
1731,1854,1754,1635461088,302,4,Royals,Defenders,3,4
1732,1855,4005,1635149385,691,6,Wise Owls,Star FC,4,3
1737,1861,218,1635416897,41,1,FC Santa Claus,Mental Bearcats,1,2
1748,1872,3692,1635255085,638,6,Arsenal Gunners,Bandits,3,3
1754,1878,2656,1635293978,459,6,Lazers,Star FC,3,4
1755,1879,4109,1635343776,710,6,Celtic Ladies,Velociraptors,0,4
1761,1886,477,1635491909,84,1,Mental Bearcats,Energetic Cardinals,0,0
1762,1887,5384,1635666053,920,8,Wolves,Little Spartans,0,4
1766,1891,2761,1635547438,478,6,Star FC,Joy FC,4,2
1775,1900,5365,1635202853,917,8,Sprinters,The Braves,4,2
1787,1913,915,1635403656,161,3,Pirates,Scorpions FC,4,0
1796,1923,3195,1635635988,552,6,Bears,Red Dragons,2,4
1798,1925,3110,1635679990,540,6,Arsenal Gunners,Joy FC,1,4
1805,1932,5551,1635635895,944,8,Talent FC,Wolves,1,3
1808,1935,1929,1635264831,335,5,Coders,Spartans,2,2
1823,1952,5503,1635617262,937,8,Losers,Little Spartans,0,3
1831,1960,60,1635252563,12,1,Energetic Cardinals,Mental Bearcats,0,4
1833,1962,1157,1635371695,200,3,Goal Seekers,Cheetahs,0,0
1834,1965,4336,1635127362,746,6,Wise Owls,Terminators,1,0
1835,1966,3723,1635223897,643,6,Star FC,Huskies,1,4
1837,1968,1559,1635376353,267,4,Panthers,White Wolfs,2,2
1842,1973,572,1635488678,103,2,Infinity FC,Mighty Pros,1,4
1848,1980,2246,1635559085,393,5,Leaders,Coders,2,3
1886,2019,4326,1635249846,744,6,Wise Owls,Velociraptors,0,4
1888,2021,3484,1635299587,604,6,Red Dragons,Arsenal Gunners,2,1
1893,2027,142,1635416662,27,1,Royal Ducks,Energetic Cardinals,2,0
1897,2032,1935,1635138126,336,5,Coders,Big Blues,1,2
1901,2037,4571,1635405259,787,7,Hooligans FC,En Fuego CF,0,2
1903,2039,4880,1635538956,840,7,Wildcats,Rams,3,0
1909,2045,1677,1635100181,289,4,Chaos FC,Belgrade FC,4,3
1912,2048,4590,1635484079,791,7,The Dragons,Dynamite,3,3
1913,2049,1864,1635288794,323,5,Outkast FC,Blue United,1,3
1920,2057,210,1635602774,40,1,FC Santa Claus,Wolf Pack,4,2
1921,2058,2013,1635252245,349,5,Arsenal Allies,Big Blues,0,2
1922,2059,3267,1635503027,565,6,Star FC,Legacy FC,2,1
1929,2067,2259,1635230309,395,5,Bulls,Coders,0,2
1937,2075,5429,1635679690,926,8,Wolves,Golden Knights,4,1
1943,2082,2274,1635118261,398,5,Red United,Arsenal Allies,2,2
1946,2085,5469,1635088605,932,8,Talent FC,The Braves,4,3
1948,2087,450,1635634183,80,1,Wolf Pack,Royal Ducks,3,1
1953,2093,3453,1635590786,598,6,Velociraptors,Huskies,1,2
1962,2103,865,1635162032,151,3,Vikings,Pirates,4,3
1964,2105,2574,1635658902,444,5,Big Blues,Red United,4,2
1973,2115,3416,1635526376,589,6,Bulldogs,Team Aqua,3,0
1978,2120,5329,1635542010,911,8,Losers,The Braves,1,3
1982,2124,3083,1635280195,535,6,Huskies,Star FC,2,3
1983,2125,267,1635329916,49,1,Furious Jokers,Cloud FC,4,2
1993,2137,3757,1635596306,648,6,Team Aqua,Insane Broncos,0,1
2001,2147,253,1635644967,47,1,Energetic Cardinals,Furious Jokers,4,2
2011,2158,3464,1635648027,600,6,Joy FC,Red Dragons,0,3
2015,2165,2993,1635459217,519,6,Insane Broncos,Arsenal Gunners,1,4
2022,2172,125,1635549414,23,1,Royal Ducks,Warriors FC,0,0
2034,2185,667,1635146751,119,2,Olympians,Warriors,2,1
2036,2187,414,1635566297,75,1,Cloud FC,Royal Ducks,0,3
2058,2209,4238,1635471168,730,6,Outkast,Arsenal Gunners,0,3
2059,2210,4287,1635100179,737,6,Velociraptors,Lazers,4,3
2070,2223,902,1635099473,158,3,Awesome FC,Ladybugs United,1,3
2081,2234,3256,1635095713,563,6,Wise Owls,Team Aqua,0,3
2087,2240,3532,1635243303,611,6,Terminators,Star FC,0,3
2089,2242,913,1635225764,160,3,Goal Seekers,All Knights,0,0
2092,2245,1642,1635244437,282,4,Royals,Fire Blazers,1,1
2096,2249,1454,1635626590,249,4,White Wolfs,Defenders,3,3
2107,2261,1230,1635593273,212,3,Ladybugs United,All Knights,1,4
2109,2263,4267,1635093912,734,6,Celtic Ladies,Outkast,2,2
2125,2280,3186,1635223983,551,6,Velociraptors,Wise Owls,4,3
2129,2284,3888,1635665597,671,6,Team Avengers,Bandits,2,4
2130,2285,2130,1635265551,369,5,World Squad,Blue United,0,0
2133,2289,655,1635317228,117,2,Infinity FC,Warriors,2,4
2142,2298,2873,1635467194,497,6,Team Avengers,Arsenal Gunners,1,0
2143,2299,5523,1635439796,940,8,The Braves,Wolves,0,1
2145,2301,1896,1635443060,329,5,Spartans,Coders,1,1
2148,2304,1363,1635673955,233,4,Belgrade FC,Chaos FC,1,3
2157,2313,1740,1635209367,300,4,Bobcats,Royals,4,3
2165,2325,5390,1635092227,921,8,Little Spartans,Talent FC,4,0
2170,2330,2295,1635681622,401,5,Outkast FC,Big Blues,3,3
2176,2336,1183,1635132198,206,3,Cheetahs,Pirates,4,3
2183,2343,3232,1635595283,559,6,Lazers,Insane Broncos,0,3
2185,2345,1515,1635448283,259,4,Chaos FC,White Wolfs,2,0
2190,2350,321,1635292049,58,1,Dream Team,Furious Jokers,2,0
2193,2353,3875,1635436005,669,6,Velociraptors,Star FC,2,4
2198,2358,4867,1635185538,838,7,Corner FC,Example FC,0,2
2201,2361,2171,1635678886,379,5,Bulls,Arsenal Allies,4,3
2205,2365,5176,1635370805,888,7,Amigos,Example FC,4,2
2206,2366,2746,1635160885,475,6,Lazers,Huskies,2,0
2209,2369,5526,1635157580,941,8,Captain FC,Talent FC,3,3
2210,2370,3627,1635164948,626,6,Outkast,Celtic Ladies,0,3
2213,2373,2733,1635120122,471,6,Insane Broncos,Celtic Ladies,2,0
2216,2377,5168,1635298404,887,7,Mad Dogs,Amigos,2,4
2218,2379,3179,1635412539,550,6,Star FC,Bandits,4,1
2224,2385,5252,1635451645,899,8,Sprinters,Losers,1,4
2226,2387,2181,1635441653,380,5,Spartans,Atletico FC,0,2
2234,2395,4776,1635484470,823,7,Snipers,Hooligans FC,1,0
2236,2399,405,1635376341,73,1,Rolling Thunder,FC Santa Claus,0,0
2244,2409,3000,1635669249,520,6,Joy FC,Outkast,3,0
2261,2426,2420,1635210947,421,5,Blue United,Atletico FC,1,3
2267,2434,5133,1635110757,882,7,Dynamite,Amigos,2,3
2284,2452,788,1635192388,139,3,Cheetahs,Fun FC,1,0
2288,2456,741,1635394438,131,3,Challengers,Neptune Pirates,2,1
2290,2459,5220,1635387650,894,7,Red Hawks,The Dragons,0,3
2297,2466,3291,1635393902,569,6,The International,Bandits,2,4
2302,2471,4703,1635676603,810,7,Wildcats,Hooligans FC,0,0
2311,2482,3351,1635494528,579,6,Legacy FC,Joy FC,1,0
2313,2484,3989,1635661548,689,6,Star FC,Arsenal Gunners,4,2
2317,2488,1965,1635123342,341,5,Dot FC,Coders,3,3
2322,2493,133,1635443961,25,1,Dream Team,Wolf Pack,3,1
2327,2498,992,1635145399,175,3,Challengers,Vikings,2,2
2328,2499,3809,1635622751,658,6,Red Dragons,Velociraptors,1,1
2331,2502,4105,1635340735,709,6,Wise Owls,Arsenal Gunners,1,1
2332,2503,4348,1635218052,749,6,Joy FC,Arsenal Gunners,4,1
2333,2504,2496,1635623327,433,5,Atletico FC,Coders,4,2
2337,2508,4339,1635573905,747,6,Outkast,Bears,0,1
2341,2512,2067,1635587524,358,5,Outkast FC,Spartans,0,3
2342,2514,4582,1635487459,789,7,Wildcats,Dynamite,2,0
2346,2518,1636,1635560737,281,4,Flying Squirrels,Fusion FC,1,3
2349,2521,3221,1635292219,557,6,Lazers,Red Dragons,2,1
2353,2525,2253,1635659076,394,5,Arsenal Allies,Rush Hour,1,3
2355,2527,3323,1635416092,574,6,Joy FC,Lazers,0,3
2358,2530,4819,1635527123,830,7,Red Hawks,Snipers,0,0
2359,2531,1831,1635228964,317,5,Rush Hour,World Squad,0,4
2364,2536,5190,1635504225,890,7,Example FC,Rams,3,2
2367,2540,3911,1635585697,674,6,Bandits,Celtic Ladies,0,0
2371,2544,3567,1635631435,617,6,Red Dragons,Insane Broncos,1,1
2373,2546,3104,1635336074,539,6,Wise Owls,Insane Broncos,0,4
2375,2548,2758,1635656926,477,6,Celtic Ladies,Team Aqua,1,0
2384,2557,205,1635093935,39,1,Furious Jokers,Bad Losers,3,0
2393,2567,3997,1635333473,690,6,Terminators,Team Avengers,3,3
2398,2573,3949,1635375966,681,6,Wise Owls,Team Avengers,3,0
2399,2574,595,1635517566,106,2,The Regulars,Warriors,3,1
2403,2578,2960,1635290958,513,6,Star FC,Team Avengers,3,1
2409,2585,4551,1635304365,784,7,Amigos,The Dragons,0,4
2414,2591,2343,1635226626,409,5,Outkast FC,World Squad,1,0
2419,2596,4983,1635348410,855,7,Adrenaline FC,Snipers,3,2
2423,2600,1900,1635628594,330,5,Blue United,Outkast FC,0,0
2431,2610,300,1635420026,54,1,Energetic Cardinals,Dream Team,0,4
2434,2613,3117,1635588024,541,6,Outkast,Team Aqua,0,4
2435,2614,1339,1635145872,229,4,Panthers,Fire Blazers,2,2
2439,2618,539,1635506133,97,2,Infinity FC,Thunder,0,1
2450,2632,3501,1635404814,607,6,Team Aqua,Bulldogs,4,1
2461,2645,3213,1635582257,556,6,Lazers,Legacy FC,1,4
2464,2648,2219,1635672075,389,5,Atletico FC,Red United,1,3
2486,2672,120,1635384277,22,1,Royal Ducks,Wolf Pack,3,0
2488,2674,1884,1635443202,327,5,Leaders,Musketeers,2,4
2499,2685,2017,1635520345,350,5,Crocodiles,Rush Hour,2,2
2509,2697,3508,1635483753,608,6,Velociraptors,Terminators,3,4
2518,2706,194,1635355344,37,1,Rolling Thunder,Warriors FC,3,1
2520,2709,2090,1635608268,362,5,Dot FC,Outkast FC,2,2
2522,2711,2897,1635243290,503,6,Huskies,Celtic Ladies,3,3
2527,2718,95,1635306855,18,1,Furious Jokers,Energetic Cardinals,3,3
2531,2723,518,1635292374,93,2,Warriors,The Regulars,2,0
2533,2725,713,1635092265,127,3,Scorpions FC,Soccer Nation,1,3
2537,2729,4434,1635292862,763,6,Huskies,Joy FC,3,3
2541,2733,3644,1635280232,629,6,Lazers,Joy FC,4,1
2555,2749,4990,1635395349,856,7,The Dragons,Rams,3,1
2557,2752,3715,1635441585,642,6,Huskies,Outkast,2,4
2562,2757,2403,1635276456,418,5,Crocodiles,Blue United,0,0
2570,2766,2195,1635649130,384,5,Crocodiles,Dot FC,0,1
2572,2768,1125,1635334688,194,3,Pirates,Cheetahs,3,1
2573,2769,4898,1635558900,843,7,Example FC,Corner FC,2,4
2577,2773,1417,1635097620,241,4,Silent Huskies,Chaos FC,3,2
2578,2774,2521,1635377853,437,5,Crocodiles,Musketeers,4,4
2580,2776,1424,1635280381,242,4,Fusion FC,Chaos FC,0,2
2583,2779,3581,1635424628,620,6,Velociraptors,Arsenal Gunners,4,4
2584,2780,4602,1635439529,793,7,Hooligans FC,Dynamite,3,1
2585,2781,5267,1635093478,902,8,Win FC,Golden Knights,1,0
2586,2782,3360,1635486050,581,6,Red Dragons,Bulldogs,4,1
2587,2784,1603,1635201408,275,4,Chaos FC,Silent Huskies,1,0
2593,2790,2135,1635397852,371,5,Blue United,Dot FC,1,3
2600,2800,5263,1635408801,901,8,Captain FC,Win FC,2,0
2603,2803,4468,1635322155,769,6,Team Avengers,Legacy FC,2,2
2607,2809,3078,1635658451,534,6,Lazers,Team Avengers,2,1
2615,2817,1201,1635264265,208,3,Ladybugs United,Lightning FC,2,3
2616,2818,4598,1635593572,792,7,Red Hawks,Corner FC,2,0
2623,2825,5225,1635316091,895,7,Red Hawks,Amigos,2,2
2630,2833,4715,1635410005,813,7,Amigos,Red Hawks,2,3
2632,2835,434,1635194765,78,1,Mental Bearcats,Bad Losers,4,3
2633,2836,184,1635485857,34,1,FC Santa Claus,Rolling Thunder,0,1
2636,2840,5025,1635242951,862,7,En Fuego CF,The Dragons,4,1
2638,2842,4355,1635610162,750,6,The International,Joy FC,0,2
2660,2865,5096,1635429766,876,7,Dynamite,Snipers,4,1
2672,2877,3730,1635529304,644,6,Terminators,Huskies,1,4
2676,2881,3651,1635584409,630,6,Terminators,Red Dragons,2,2
2679,2885,2675,1635671620,461,6,Legacy FC,Arsenal Gunners,2,3
2688,2896,1470,1635575998,252,4,Bobcats,Chaos FC,2,3
2699,2909,4332,1635099226,745,6,Bears,Arsenal Gunners,0,2
2701,2911,3396,1635305482,586,6,Wise Owls,Legacy FC,1,2
2705,2917,2085,1635385093,361,5,Blue United,World Squad,0,3
2717,2931,3090,1635189332,536,6,Lazers,Velociraptors,0,2
2718,2932,3737,1635237052,645,6,Star FC,Outkast,0,3
2731,2946,3319,1635627891,573,6,Red Dragons,Team Avengers,0,2
2732,2947,924,1635236592,163,3,Green Wave,Vikings,2,4
2748,2964,1945,1635454911,338,5,Dot FC,Arsenal Allies,4,2
2756,2972,4786,1635384399,825,7,Dynamite,Wildcats,3,1
2757,2973,5010,1635178052,859,7,Example FC,Amigos,0,1
2758,2974,2652,1635547322,458,6,Huskies,The International,0,2
2774,2993,5497,1635302429,936,8,Talent FC,Win FC,0,3
2784,3003,2807,1635260000,485,6,Outkast,Team Avengers,2,2
2785,3004,2617,1635595774,452,6,Huskies,Bulldogs,4,3
2790,3009,4081,1635472087,705,6,Insane Broncos,Wise Owls,1,4
2797,3017,4543,1635405734,783,7,Corner FC,Dynamite,2,4
2806,3026,5284,1635179082,905,8,Wolves,Talent FC,1,3
2815,3035,3925,1635152792,677,6,Lazers,Bulldogs,4,3
2827,3050,5259,1635370771,900,8,Talent FC,Little Spartans,2,0
2829,3053,2592,1635576795,447,5,World Squad,Red United,0,0
2854,3080,4251,1635275351,732,6,Bandits,Terminators,4,2
2858,3084,4708,1635260103,812,7,Example FC,Dynamite,3,2
2863,3090,2459,1635536777,427,5,Outkast FC,Coders,4,0
2864,3092,1763,1635581816,303,4,Silent Huskies,White Wolfs,1,0
2865,3093,4377,1635309547,754,6,Insane Broncos,Velociraptors,2,1
2866,3095,2832,1635633922,489,6,The International,Lazers,3,0
2867,3096,5013,1635195899,860,7,Mad Dogs,Rams,4,1
2875,3105,2320,1635381394,405,5,Big Blues,Blue United,0,4
2886,3119,1543,1635451452,265,4,Royals,White Wolfs,4,4
2891,3126,2531,1635482920,438,5,Outkast FC,Atletico FC,0,4
2892,3127,172,1635282239,32,1,Furious Jokers,Warriors FC,2,3
2898,3134,3097,1635122684,538,6,Bulldogs,Lazers,4,1
2902,3138,1533,1635618323,262,4,Flying Squirrels,Belgrade FC,2,0
2918,3156,5208,1635331140,892,7,Corner FC,Rams,0,2
2920,3159,522,1635558635,94,2,Infinity FC,Olympians,4,4
2924,3163,1107,1635517406,192,3,Green Wave,Lightning FC,4,4
2926,3165,5088,1635500213,874,7,Mad Dogs,Adrenaline FC,0,1
2929,3168,2696,1635137318,464,6,Team Aqua,Joy FC,1,2
2935,3174,2331,1635163390,407,5,Leaders,Bulls,4,0
2937,3176,4955,1635091300,851,7,Dynamite,Hooligans FC,0,0
2954,3196,5452,1635587856,929,8,Little Spartans,Sprinters,4,1
2963,3205,2853,1635688713,492,6,Team Aqua,Huskies,1,1
2966,3208,955,1635623927,168,3,Soccer Nation,Neptune Pirates,0,4
2994,3241,4811,1635460722,829,7,Mad Dogs,Corner FC,2,4
2996,3243,1429,1635177870,243,4,Defenders,Belgrade FC,1,1
3019,3268,492,1635543607,88,1,Furious Jokers,Royal Ducks,0,0
3020,3269,1892,1635582112,328,5,Musketeers,Red United,1,1
3030,3280,1462,1635144722,250,4,White Wolfs,Flying Squirrels,0,0
3033,3283,5312,1635095877,909,8,Win FC,Wolves,4,3
3035,3285,1145,1635487420,198,3,Scorpions FC,Fun FC,4,0
3040,3291,368,1635515873,67,1,Wolf Pack,Dream Team,1,4
3054,3306,4806,1635419311,828,7,En Fuego CF,Rams,0,3
3055,3307,4692,1635175947,808,7,En Fuego CF,Wildcats,1,0
3060,3313,277,1635495635,51,1,Mental Bearcats,Dream Team,4,3
3069,3323,3610,1635231154,624,6,Team Avengers,Celtic Ladies,3,4
3074,3328,2474,1635636891,429,5,Spartans,Musketeers,1,4
3087,3343,780,1635614379,137,3,Green Wave,Ladybugs United,0,0
3091,3347,3843,1635364806,664,6,The International,Wise Owls,0,4
3093,3349,3367,1635655190,582,6,Bulldogs,Red Dragons,4,4
3098,3355,5020,1635545523,861,7,Rams,Wildcats,0,3
3118,3377,2721,1635336445,469,6,Legacy FC,The International,3,3
3129,3390,3299,1635614502,570,6,Insane Broncos,Terminators,4,3
3131,3392,1262,1635305121,217,3,Neptune Pirates,Green Wave,1,4
3135,3398,3438,1635257536,595,6,Red Dragons,Team Aqua,2,1
3137,3400,239,1635335848,45,1,Furious Jokers,Wolf Pack,2,4
3143,3408,1630,1635425319,280,4,Panthers,Flying Squirrels,0,4
3144,3409,3742,1635167974,646,6,Huskies,Red Dragons,2,2
3152,3418,4035,1635110187,695,6,Bears,Star FC,1,0
3155,3421,5467,1635531220,931,8,Sprinters,Little Spartans,0,0
3156,3422,4132,1635140789,713,6,Wise Owls,Celtic Ladies,4,2
3162,3429,4505,1635207123,775,6,Star FC,The International,2,1
3171,3438,4079,1635222774,704,6,Legacy FC,Bulldogs,0,0
3174,3441,1953,1635382479,339,5,Musketeers,Crocodiles,2,3
3182,3450,2744,1635682456,474,6,The International,Legacy FC,0,0
3185,3454,1070,1635091267,186,3,Lightning FC,Scorpions FC,1,0
3190,3460,5080,1635494948,872,7,Dynamite,Rams,2,0
3194,3465,4415,1635100141,760,6,Bulldogs,Celtic Ladies,2,0
3206,3477,3591,1635558061,621,6,Legacy FC,Outkast,4,3
3212,3484,3314,1635668319,572,6,Joy FC,Celtic Ladies,2,1
3216,3489,4487,1635306158,772,6,Team Aqua,Arsenal Gunners,3,0
3231,3506,5335,1635327858,912,8,Talent FC,Losers,4,3
3236,3511,3783,1635503172,653,6,Red Dragons,Terminators,1,4
3239,3514,485,1635239345,86,1,Mental Bearcats,Wolf Pack,1,0
3244,3519,2647,1635500012,457,6,Red Dragons,The International,2,1
3246,3521,1285,1635206500,220,4,White Wolfs,Royals,0,4
3251,3527,3203,1635336644,553,6,Team Avengers,Team Aqua,0,3
3252,3529,34,1635204577,7,1,Wolf Pack,Rolling Thunder,3,2
3270,3549,4935,1635586747,848,7,Mad Dogs,Snipers,4,2
3271,3550,275,1635664060,50,1,Furious Jokers,FC Santa Claus,0,0
3278,3557,2594,1635084623,448,6,The International,Bulldogs,3,2
3281,3560,1699,1635584003,292,4,Silent Huskies,Flying Squirrels,2,0
3287,3567,3243,1635314195,561,6,Team Avengers,Insane Broncos,2,2
3288,3568,4750,1635429431,819,7,Rams,Adrenaline FC,0,3
3291,3573,4755,1635414240,820,7,Rams,Example FC,4,3
3302,3585,3459,1635235082,599,6,Wise Owls,The International,3,0
3303,3586,3308,1635312948,571,6,Celtic Ladies,Bears,1,3
3313,3596,88,1635600019,17,1,Bad Losers,Royal Ducks,3,2
3315,3598,41,1635611222,8,1,Cloud FC,Furious Jokers,0,1
3317,3601,966,1635542745,170,3,Fun FC,Green Wave,3,2
3320,3604,3237,1635417619,560,6,Bandits,Bulldogs,3,1
3325,3610,4950,1635231692,850,7,Adrenaline FC,Hooligans FC,1,2
3327,3612,2141,1635149121,372,5,Outkast FC,Rush Hour,2,0
3330,3616,4097,1635240099,708,6,Insane Broncos,Lazers,3,3
3335,3622,2966,1635331462,514,6,Celtic Ladies,Red Dragons,2,2
3340,3629,5277,1635389696,904,8,Golden Knights,Losers,3,2
3346,3636,2827,1635624581,488,6,Bulldogs,Huskies,1,1
3347,3637,3401,1635250032,587,6,Joy FC,Wise Owls,1,4
3363,3654,5212,1635553707,893,7,Snipers,Example FC,2,4
3375,3668,3389,1635217711,585,6,Lazers,Terminators,3,2
3377,3673,3632,1635682200,627,6,Team Aqua,Wise Owls,1,3
3385,3682,2781,1635578981,481,6,Joy FC,Team Aqua,0,4
3390,3687,1446,1635345249,247,4,Flying Squirrels,White Wolfs,1,3
3401,3698,1477,1635264375,253,4,Defenders,Fire Blazers,4,1
3407,3704,44,1635417288,9,1,Rolling Thunder,Furious Jokers,2,2
3409,3706,334,1635136834,61,1,Warriors FC,Royal Ducks,0,2
3411,3708,4912,1635274069,845,7,Adrenaline FC,Red Hawks,1,4
3413,3710,1715,1635259229,295,4,Bobcats,Flying Squirrels,3,1
3417,3714,3904,1635257264,673,6,Team Aqua,Celtic Ladies,2,3
3421,3719,494,1635142166,89,1,Warriors FC,Wolf Pack,4,3
3433,3733,5508,1635666762,938,8,Little Spartans,Win FC,2,3
3440,3740,5362,1635397403,916,8,The Braves,Talent FC,1,0
3443,3743,1117,1635320778,193,3,Neptune Pirates,Cheetahs,3,3
3444,3744,1399,1635190725,238,4,Chaos FC,Defenders,3,0
3445,3745,1192,1635357226,207,3,Ladybugs United,Neptune Pirates,4,3
3461,3762,949,1635645419,167,3,Ladybugs United,Pirates,3,1
3463,3764,2268,1635488232,397,5,Blue United,Big Blues,0,4
3470,3771,1659,1635301351,286,4,Fusion FC,Bobcats,2,1
3471,3772,2729,1635094928,470,6,Lazers,Bandits,0,1
3476,3777,4359,1635287013,751,6,The International,Bears,2,1
3479,3780,2737,1635098452,472,6,Lazers,Wise Owls,0,2
3482,3783,2005,1635325155,348,5,Rush Hour,Crocodiles,2,4
3487,3788,1749,1635352809,301,4,Belgrade FC,Fire Blazers,2,1
3505,3808,2232,1635084832,391,5,Red United,Rush Hour,2,4
3510,3813,3285,1635120321,568,6,Team Aqua,Terminators,0,4
3522,3825,2079,1635374949,360,5,Coders,Rush Hour,1,3
3533,3837,1248,1635653238,215,3,Fun FC,Soccer Nation,2,4
3537,3841,3354,1635255860,580,6,Arsenal Gunners,Huskies,3,1
3538,3842,3771,1635092096,651,6,Outkast,Huskies,3,0
3550,3856,2208,1635414020,387,5,Rush Hour,Coders,3,1
3552,3858,382,1635653833,69,1,Cloud FC,Dream Team,2,1
3556,3862,1803,1635439252,311,4,White Wolfs,Bobcats,0,1
3558,3864,547,1635402482,99,2,Mighty Pros,The Regulars,3,4
3560,3866,4643,1635241210,800,7,Corner FC,Amigos,0,2
3568,3875,601,1635553608,107,2,Thunder,Olympians,4,0
3578,3885,479,1635212955,85,1,Warriors FC,Cloud FC,4,0
3579,3886,3280,1635369871,567,6,Star FC,Velociraptors,0,3
3583,3890,3227,1635405564,558,6,Red Dragons,Lazers,1,2
3585,3893,891,1635509734,156,3,Scorpions FC,Cheetahs,2,1
3593,3903,5436,1635241541,927,8,Sprinters,Captain FC,3,1
3594,3904,839,1635234283,148,3,Neptune Pirates,Vikings,3,2
3597,3907,4450,1635397600,765,6,Outkast,Insane Broncos,2,1
3600,3910,1301,1635246787,223,4,Bobcats,Belgrade FC,2,1
3609,3921,5270,1635418196,903,8,Sprinters,Talent FC,2,3
3617,3929,734,1635304967,130,3,Fun FC,Cheetahs,1,4
3619,3932,4575,1635368042,788,7,Mad Dogs,Example FC,1,4
3628,3942,3856,1635274769,666,6,Velociraptors,Team Avengers,0,3
3633,3947,719,1635100286,128,3,Cheetahs,All Knights,2,4
3642,3957,896,1635099605,157,3,Pirates,Ladybugs United,0,4
3644,3960,4067,1635169256,702,6,Outkast,Wise Owls,1,1
3651,3967,874,1635187863,152,3,All Knights,Challengers,4,1
3659,3977,4792,1635210947,826,7,Dynamite,Corner FC,4,2
3668,3986,4821,1635228373,831,7,Example FC,En Fuego CF,1,4
3685,4008,1850,1635237971,321,5,Bisons,Spartans,2,0
3696,4020,2288,1635362806,400,5,Rush Hour,Bisons,4,1
3699,4023,3495,1635138185,606,6,Outkast,Terminators,0,4
3704,4028,3659,1635450485,632,6,Celtic Ladies,Insane Broncos,0,0
3713,4039,648,1635669126,116,2,The Regulars,Mighty Pros,1,3
3715,4041,57,1635134979,11,1,Bad Losers,Warriors FC,0,1
3718,4044,1837,1635253710,318,5,Crocodiles,Bisons,0,1
3720,4046,1131,1635485608,195,3,Green Wave,Fun FC,0,0
3721,4047,3760,1635467571,649,6,Insane Broncos,Joy FC,1,1
3727,4053,1073,1635210886,187,3,Goal Seekers,Fun FC,3,4
3731,4058,3939,1635203943,679,6,Huskies,Velociraptors,4,0
3745,4074,4051,1635150323,699,6,Bears,Huskies,1,0
3770,4103,4474,1635498873,770,6,Celtic Ladies,Huskies,2,1
3775,4109,2775,1635332999,480,6,Velociraptors,Celtic Ladies,1,3
3777,4111,387,1635175438,70,1,Rolling Thunder,Royal Ducks,0,3
3820,4161,908,1635477420,159,3,Soccer Nation,Awesome FC,2,1
3822,4163,286,1635487887,52,1,Mental Bearcats,Furious Jokers,3,2
3825,4167,5005,1635344381,858,7,Amigos,Dynamite,2,1
3827,4169,4071,1635651352,703,6,Bandits,Outkast,4,1
3855,4199,2750,1635648820,476,6,Team Avengers,Joy FC,4,2
3858,4203,2508,1635682108,435,5,Outkast FC,Musketeers,3,0
3867,4212,5047,1635560714,867,7,Amigos,Hooligans FC,0,3
3872,4218,4093,1635324561,707,6,Terminators,Outkast,1,1
3876,4222,233,1635345789,44,1,Bad Losers,Wolf Pack,3,1
3879,4225,4407,1635202150,759,6,Bandits,Wise Owls,4,2
3880,4226,4459,1635542712,767,6,Wise Owls,Bulldogs,2,1
3882,4228,5373,1635115168,918,8,Losers,Talent FC,0,4
3900,4248,1840,1635118310,319,5,Rush Hour,Arsenal Allies,1,2
3903,4252,503,1635099976,90,2,The Regulars,Infinity FC,2,3
3907,4260,3069,1635098446,532,6,Outkast,Lazers,0,1
3910,4264,1588,1635444468,273,4,Flying Squirrels,Panthers,2,1
3913,4267,2119,1635411941,367,5,Blue United,Musketeers,1,4
3918,4273,973,1635173103,171,3,Neptune Pirates,All Knights,1,0
3920,4275,346,1635364979,64,1,Rolling Thunder,Cloud FC,1,3
3921,4276,2147,1635482444,374,5,Big Blues,Leaders,4,1
3933,4290,791,1635602247,140,3,Green Wave,Neptune Pirates,0,2
3942,4299,4419,1635583885,761,6,Joy FC,Bears,1,3
3956,4316,3012,1635670427,522,6,Arsenal Gunners,Star FC,0,2
3963,4323,4647,1635443354,801,7,The Dragons,En Fuego CF,4,0
3964,4325,1686,1635390329,290,4,Panthers,Silent Huskies,0,3
3967,4329,14,1635132848,4,1,Warriors FC,Energetic Cardinals,1,2
3971,4334,5042,1635293324,866,7,Example FC,Snipers,0,3
3994,4363,1670,1635525052,288,4,Defenders,Fusion FC,3,2
4012,4387,770,1635215209,136,3,Lightning FC,Pirates,4,4
4021,4397,2837,1635109327,490,6,Terminators,Insane Broncos,2,4
4026,4403,1908,1635548802,332,5,Red United,World Squad,1,2
4040,4419,607,1635390916,108,2,Warriors,Tornadoes,0,0
4050,4430,2263,1635513308,396,5,Dot FC,Bisons,1,2
4061,4443,542,1635530025,98,2,Tornadoes,Mighty Pros,0,3
4069,4451,753,1635533983,133,3,Scorpions FC,Pirates,1,3
4093,4478,2513,1635331335,436,5,Spartans,Big Blues,3,3
4095,4480,4223,1635684355,728,6,Celtic Ladies,Arsenal Gunners,4,2
4101,4486,4306,1635578860,740,6,Terminators,Bandits,0,1
4105,4490,1771,1635526726,305,4,Silent Huskies,Fire Blazers,0,0
4108,4493,4871,1635245489,839,7,Corner FC,Mad Dogs,3,4
4122,4508,4828,1635392033,832,7,Mad Dogs,Wildcats,1,3
4123,4509,4738,1635312814,817,7,En Fuego CF,Adrenaline FC,2,1
4125,4514,2936,1635482852,509,6,Legacy FC,Insane Broncos,0,4
4139,4530,3776,1635535426,652,6,The International,Red Dragons,1,4
4141,4534,223,1635123852,42,1,Royal Ducks,Mental Bearcats,1,2
4144,4537,1306,1635364941,224,4,Belgrade FC,Royals,3,4
4147,4540,534,1635591388,96,2,Infinity FC,The Regulars,1,2
4157,4552,1553,1635256793,266,4,Defenders,Silent Huskies,3,1
4170,4567,3022,1635546072,524,6,Outkast,Bandits,4,4
4183,4584,4157,1635205821,717,6,Arsenal Gunners,Bears,1,2
4188,4589,3945,1635617967,680,6,Bulldogs,Terminators,0,2
4192,4593,3547,1635163687,613,6,Joy FC,Bulldogs,0,2
4197,4598,1177,1635603513,204,3,Green Wave,Pirates,0,0
4206,4610,4517,1635407021,778,6,Joy FC,Huskies,3,4
4207,4611,459,1635546558,82,1,Warriors FC,Rolling Thunder,3,3
4209,4613,4188,1635291465,723,6,Arsenal Gunners,Team Avengers,3,0
4212,4616,360,1635504255,66,1,Warriors FC,Dream Team,2,4
4221,4626,510,1635211061,91,2,Mighty Pros,Olympians,0,1
4242,4650,625,1635187989,112,2,The Regulars,Thunder,2,0
4248,4656,2405,1635234112,419,5,Dot FC,Bulls,2,4
4251,4659,5305,1635604963,908,8,Wolves,Losers,3,2
4255,4665,5113,1635268618,879,7,Rams,Hooligans FC,2,2
4262,4673,306,1635103076,55,1,Rolling Thunder,Dream Team,3,1
4273,4684,3913,1635598119,675,6,Outkast,Star FC,3,1
4274,4687,2375,1635483438,414,5,Dot FC,Musketeers,4,1
4285,4701,5147,1635307145,884,7,Dynamite,The Dragons,1,2
4286,4702,2942,1635639219,510,6,Bears,Insane Broncos,3,3
4288,4704,3332,1635629895,576,6,Joy FC,Bandits,4,1
4291,4707,2165,1635485930,378,5,Outkast FC,Bulls,2,2
4293,4709,2793,1635360503,483,6,Team Avengers,Wise Owls,1,2
4300,4716,4539,1635430305,782,7,Amigos,Snipers,1,1
4306,4722,1691,1635429568,291,4,White Wolfs,Fusion FC,3,2
4327,4745,4743,1635255565,818,7,Example FC,Mad Dogs,2,3
4344,4762,4800,1635583223,827,7,En Fuego CF,Example FC,0,4
4347,4765,4386,1635560997,756,6,Insane Broncos,Star FC,1,4
4357,4776,3059,1635264304,530,6,Bulldogs,The International,1,0
4362,4781,2056,1635647595,356,5,Spartans,Crocodiles,2,1
4366,4786,2931,1635119628,508,6,Celtic Ladies,Star FC,0,3
4376,4798,4370,1635193262,753,6,Team Avengers,Red Dragons,4,1
4379,4801,4364,1635096127,752,6,Huskies,Arsenal Gunners,3,1
4381,4803,261,1635303132,48,1,Energetic Cardinals,Royal Ducks,2,2
4386,4808,3051,1635385388,528,6,Terminators,Legacy FC,1,3
4396,4819,5060,1635425211,869,7,Hooligans FC,Corner FC,1,3
4400,4823,767,1635377642,135,3,Neptune Pirates,Awesome FC,0,1
4411,4834,2157,1635678998,377,5,Bisons,Dot FC,4,2
4412,4835,4537,1635298744,781,7,Red Hawks,En Fuego CF,0,0
4414,4837,710,1635473402,126,3,All Knights,Goal Seekers,0,1
4419,4842,3813,1635103035,659,6,Bandits,Team Aqua,0,2
4420,4843,2188,1635508706,382,5,Musketeers,Blue United,0,1
4422,4845,826,1635580385,146,3,Pirates,Challengers,2,4
4434,4857,629,1635191103,113,2,Mighty Pros,Warriors,1,1
4437,4860,4885,1635102436,841,7,Snipers,Red Hawks,1,4
4439,4862,1370,1635338676,234,4,Panthers,Chaos FC,3,4
4440,4863,5290,1635532037,906,8,The Braves,Losers,4,4
4444,4867,4455,1635641341,766,6,Team Aqua,Bears,1,1
4448,4872,1505,1635471225,257,4,Fire Blazers,Bobcats,1,1
4450,4874,5379,1635591443,919,8,Wolves,Captain FC,0,3
4453,4880,4843,1635505450,834,7,Red Hawks,Adrenaline FC,0,4
4458,4885,1778,1635271538,307,4,Flying Squirrels,Royals,2,1
4465,4892,2048,1635539381,355,5,Red United,Atletico FC,4,2
4470,4897,3954,1635379008,682,6,Bears,Terminators,4,0
4471,4898,4202,1635285540,725,6,Star FC,Insane Broncos,0,4
4473,4900,1354,1635247728,232,4,Bobcats,Fire Blazers,2,4
4480,4907,3919,1635556110,676,6,Star FC,Bulldogs,4,0
4483,4911,4835,1635459377,833,7,Wildcats,Amigos,4,2
4485,4913,3607,1635233247,623,6,Celtic Ladies,The International,0,1
4486,4914,1579,1635096869,271,4,Defenders,White Wolfs,1,0
4489,4919,3173,1635528442,549,6,Team Aqua,Star FC,1,3
4493,4924,2876,1635426651,498,6,Bears,Joy FC,0,2
4499,4930,3661,1635665242,633,6,Bulldogs,Arsenal Gunners,1,2
4500,4931,127,1635274067,24,1,Wolf Pack,FC Santa Claus,0,4
4503,4934,4943,1635440594,849,7,Adrenaline FC,Example FC,3,2
4504,4935,2630,1635216656,454,6,Wise Owls,Huskies,2,3
4508,4940,5459,1635665917,930,8,Win FC,Talent FC,4,2
4511,4943,1981,1635383952,344,5,World Squad,Atletico FC,0,3
4521,4953,2601,1635503497,449,6,Bandits,Lazers,1,4
4525,4957,5126,1635171043,881,7,Corner FC,Red Hawks,2,3
4526,4958,1269,1635085368,218,3,Green Wave,Soccer Nation,1,4
4532,4965,4684,1635612900,807,7,Example FC,The Dragons,3,3
4545,4979,4193,1635307990,724,6,Insane Broncos,Team Avengers,4,3
4547,4981,3526,1635152964,610,6,Legacy FC,Velociraptors,2,2
4551,4987,4060,1635157642,701,6,Bandits,Team Avengers,1,4
4557,4993,5198,1635542559,891,7,Adrenaline FC,Wildcats,4,4
4560,4997,2986,1635655486,518,6,Arsenal Gunners,Team Aqua,3,2
4566,5003,4608,1635511134,794,7,Adrenaline FC,Rams,2,2
4568,5005,4854,1635120394,836,7,Corner FC,Hooligans FC,3,2
4570,5008,2431,1635369388,423,5,Musketeers,Atletico FC,4,1
4574,5012,3421,1635545268,590,6,Star FC,Red Dragons,0,0
4576,5014,4309,1635442252,741,6,The International,Velociraptors,1,2
4592,5037,456,1635429338,81,1,Bad Losers,FC Santa Claus,0,1
4594,5039,614,1635540556,110,2,Olympians,The Regulars,1,0
4595,5040,1721,1635203127,296,4,White Wolfs,Panthers,3,0
4596,5041,3150,1635359958,546,6,Arsenal Gunners,Wise Owls,2,2
4608,5055,3798,1635321964,656,6,Outkast,The International,0,1
4611,5058,1582,1635295349,272,4,Flying Squirrels,Chaos FC,4,0
4616,5063,3883,1635540737,670,6,Arsenal Gunners,Outkast,2,1
4620,5067,4925,1635506886,847,7,Amigos,Adrenaline FC,4,4
4627,5076,3673,1635324779,635,6,Bulldogs,Bears,1,1
4628,5077,2709,1635346837,467,6,Arsenal Gunners,Celtic Ladies,4,2
4635,5084,2036,1635177280,353,5,Arsenal Allies,Atletico FC,1,0
4636,5085,325,1635377459,59,1,Cloud FC,Rolling Thunder,0,2
4637,5086,3062,1635591940,531,6,Terminators,Joy FC,1,4
4639,5089,2487,1635431313,431,5,Musketeers,Coders,0,2
4642,5093,856,1635474077,150,3,Goal Seekers,Challengers,4,3
4657,5110,692,1635206247,123,2,Thunder,Warriors,1,3
4659,5112,1573,1635268213,270,4,Silent Huskies,Panthers,0,4
4664,5117,2972,1635323707,515,6,Team Aqua,Lazers,0,0
4669,5122,2413,1635375351,420,5,Coders,Arsenal Allies,1,4
4673,5126,3686,1635624652,637,6,Bulldogs,Bandits,2,2
4685,5139,727,1635639322,129,3,All Knights,Soccer Nation,4,1
4688,5144,4342,1635252095,748,6,Red Dragons,Joy FC,1,3
4700,5157,3764,1635161154,650,6,Lazers,Bears,4,1
4701,5158,397,1635276763,72,1,Bad Losers,Cloud FC,3,3
4709,5166,4563,1635582525,786,7,Snipers,Adrenaline FC,4,2
4715,5174,4281,1635309563,736,6,Team Avengers,Bulldogs,3,1
4717,5176,5344,1635244090,913,8,Golden Knights,Little Spartans,2,4
4722,5183,961,1635316657,169,3,Fun FC,Neptune Pirates,0,3
4726,5187,4705,1635666965,811,7,Amigos,Wildcats,1,0
4729,5191,5052,1635400076,868,7,En Fuego CF,Amigos,2,4
4730,5192,834,1635506278,147,3,Goal Seekers,Lightning FC,0,3
4743,5208,152,1635145181,29,1,Dream Team,Rolling Thunder,1,3
4748,5214,5484,1635096476,934,8,Losers,Golden Knights,4,3
4750,5217,2029,1635168428,352,5,Blue United,Spartans,1,4
4754,5221,2741,1635388587,473,6,Arsenal Gunners,Terminators,0,1
4773,5243,1013,1635622824,178,3,Awesome FC,Pirates,2,4
4774,5244,3817,1635502813,660,6,Arsenal Gunners,The International,4,0
4781,5256,467,1635504826,83,1,Wolf Pack,Energetic Cardinals,4,4
4786,5261,1509,1635289874,258,4,Chaos FC,Royals,4,0
4794,5270,4180,1635185086,721,6,Bandits,Star FC,0,2
4800,5277,5,1635401543,2,1,FC Santa Claus,Energetic Cardinals,1,0
4810,5289,2717,1635530650,468,6,Insane Broncos,Outkast,1,0
4817,5297,2198,1635265948,385,5,Bulls,Outkast FC,1,3
4825,5305,2586,1635137241,446,5,Coders,Musketeers,4,0
4830,5312,4244,1635663585,731,6,Team Aqua,Team Avengers,4,1
4834,5317,746,1635428570,132,3,Neptune Pirates,Goal Seekers,4,1
4841,5325,4314,1635304912,742,6,Bulldogs,Outkast,4,0
4842,5326,3965,1635189650,684,6,Wise Owls,Joy FC,0,0
4843,5327,4300,1635628559,739,6,Arsenal Gunners,Legacy FC,0,4
4848,5332,2191,1635432818,383,5,Bulls,Red United,2,0
4868,5356,4042,1635272143,697,6,Arsenal Gunners,Insane Broncos,1,0
4876,5365,4259,1635310891,733,6,Insane Broncos,Bears,2,3
4890,5380,5035,1635192658,864,7,Snipers,En Fuego CF,2,1
4893,5384,698,1635130862,124,2,Olympians,Thunder,2,1
4895,5386,1524,1635672035,261,4,Chaos FC,Panthers,4,3
4900,5392,556,1635605406,100,2,Thunder,Mighty Pros,0,2
4903,5395,3828,1635364829,662,6,Legacy FC,Team Aqua,1,4
4911,5403,4425,1635564354,762,6,Legacy FC,Bandits,4,3
4915,5408,407,1635251460,74,1,Energetic Cardinals,Bad Losers,2,3
4919,5413,885,1635548097,154,3,Soccer Nation,Fun FC,0,1
4923,5418,1810,1635662950,313,5,Spartans,Red United,0,2
4929,5424,1624,1635137673,279,4,Flying Squirrels,Silent Huskies,0,4
4933,5429,2701,1635087659,465,6,Bears,Lazers,1,0
4939,5436,1611,1635155996,277,4,Panthers,Belgrade FC,3,2
4952,5451,4147,1635341771,715,6,Star FC,Celtic Ladies,1,1
4967,5466,3211,1635151222,555,6,The International,Star FC,0,0
4969,5469,4464,1635564359,768,6,Bears,Team Avengers,2,0
4972,5472,2145,1635653380,373,5,Dot FC,Leaders,0,0
4979,5479,1960,1635535415,340,5,Coders,Bisons,0,3
4987,5488,146,1635626037,28,1,Furious Jokers,Dream Team,2,2
4994,5496,4697,1635396452,809,7,Hooligans FC,Snipers,3,1
4998,5501,1437,1635342359,245,4,Defenders,Chaos FC,1,0
5001,5505,5396,1635603280,922,8,Win FC,Losers,4,3
5011,5515,2426,1635161088,422,5,Bisons,Big Blues,2,1
5016,5520,4861,1635410814,837,7,Hooligans FC,Rams,2,2
5019,5525,4966,1635309163,853,7,The Dragons,Adrenaline FC,4,4
5020,5526,3794,1635372704,655,6,Bandits,Legacy FC,1,1
5032,5538,2567,1635676045,443,5,Big Blues,Atletico FC,3,2
5033,5539,3934,1635187188,678,6,Team Avengers,The International,2,1
5039,5546,2798,1635324285,484,6,Team Aqua,Velociraptors,4,3
5044,5551,5300,1635093713,907,8,Captain FC,Golden Knights,2,1
5054,5561,4151,1635194936,716,6,Lazers,Celtic Ladies,0,4
5065,5574,3032,1635260560,525,6,Team Aqua,Legacy FC,1,4
5068,5577,2346,1635250282,410,5,World Squad,Rush Hour,2,4
5073,5582,1138,1635196949,197,3,Neptune Pirates,Lightning FC,1,4
5082,5591,4215,1635486547,727,6,Team Avengers,Huskies,4,2
5091,5601,2280,1635484976,399,5,Leaders,Arsenal Allies,3,3
5093,5603,3146,1635489499,545,6,Bears,Legacy FC,2,0
5095,5605,1820,1635654530,315,5,Arsenal Allies,Crocodiles,1,1
5109,5619,4054,1635185651,700,6,Bandits,Red Dragons,4,0
5119,5631,2326,1635545396,406,5,Bulls,Leaders,3,0
5120,5632,3790,1635399327,654,6,Arsenal Gunners,Red Dragons,0,2
5128,5640,247,1635170600,46,1,Dream Team,FC Santa Claus,2,2
5129,5641,1593,1635505505,274,4,Fire Blazers,Royals,4,4
5159,5677,4673,1635414768,805,7,Dynamite,Red Hawks,3,1
5167,5685,5478,1635381414,933,8,The Braves,Win FC,0,4
5172,5690,1922,1635404541,334,5,Leaders,Atletico FC,1,4
5187,5709,609,1635450275,109,2,Olympians,Tornadoes,2,1
5203,5728,443,1635679367,79,1,FC Santa Claus,Royal Ducks,4,1
5206,5732,228,1635173223,43,1,Warriors FC,Mental Bearcats,3,0
5222,5755,2397,1635386402,417,5,Atletico FC,Crocodiles,1,3
5228,5762,3386,1635142274,584,6,The International,Insane Broncos,1,0
5231,5765,999,1635207928,176,3,Soccer Nation,Ladybugs United,4,0
5233,5767,1484,1635278515,254,4,Belgrade FC,Flying Squirrels,3,3
5258,5795,1736,1635360497,299,4,Fire Blazers,Chaos FC,1,1
5261,5798,986,1635084494,174,3,Soccer Nation,Goal Seekers,2,2
5266,5803,1151,1635448588,199,3,Goal Seekers,Awesome FC,3,1
5270,5807,795,1635163840,141,3,Cheetahs,Ladybugs United,1,2
5275,5813,4019,1635368660,693,6,The International,Huskies,2,4
5281,5820,1040,1635253892,182,3,Neptune Pirates,Soccer Nation,3,3
5288,5829,1729,1635219576,298,4,Panthers,Fusion FC,1,4
5291,5833,633,1635151972,114,2,Thunder,Infinity FC,2,3
5295,5839,3748,1635535524,647,6,Legacy FC,Terminators,3,4
